SampleID,Group,watershedCode,Location,Metacode,Species,Species_code,SiteID,Creek,Sampling_Year,Starting_Material
Y170001CAR_RA,CARSON,CAR,EF,CAR_EFork,Lahontan Cutthroat Trout,LCT,CARSON,East Fork,2017,Extracted DNA
Y170002CAR_RA,CARSON,CAR,EF,CAR_EFork,Lahontan Cutthroat Trout,LCT,CARSON,East Fork,2017,Extracted DNA
Y170003CAR_RA,CARSON,CAR,EF,CAR_EFork,Lahontan Cutthroat Trout,LCT,CARSON,East Fork,2017,Extracted DNA
Y170004CAR_RA,CARSON,CAR,EF,CAR_EFork,Lahontan Cutthroat Trout,LCT,CARSON,East Fork,2017,Extracted DNA
Y170005CAR_RA,CARSON,CAR,EF,CAR_EFork,Lahontan Cutthroat Trout,LCT,CARSON,East Fork,2017,Extracted DNA
Y170006CAR_RA,CARSON,CAR,EF,CAR_EFork,Lahontan Cutthroat Trout,LCT,CARSON,East Fork,2017,Extracted DNA
Y170007CAR_RA,CARSON,CAR,EF,CAR_EFork,Lahontan Cutthroat Trout,LCT,CARSON,East Fork,2017,Extracted DNA
Y170008CAR_RA,CARSON,CAR,EF,CAR_EFork,Lahontan Cutthroat Trout,LCT,CARSON,East Fork,2017,Extracted DNA
Y170009CAR_RA,CARSON,CAR,EF,CAR_EFork,Lahontan Cutthroat Trout,LCT,CARSON,East Fork,2017,Extracted DNA
Y170010CAR_RA,CARSON,CAR,EF,CAR_EFork,Lahontan Cutthroat Trout,LCT,CARSON,East Fork,2017,Extracted DNA
Y170011CAR_RA,CARSON,CAR,EF,CAR_EFork,Lahontan Cutthroat Trout,LCT,CARSON,East Fork,2017,Extracted DNA
Y170012CAR_RA,CARSON,CAR,EF,CAR_EFork,Lahontan Cutthroat Trout,LCT,CARSON,East Fork,2017,Extracted DNA
Y170013CAR_RA,CARSON,CAR,EF,CAR_EFork,Lahontan Cutthroat Trout,LCT,CARSON,East Fork,2017,Extracted DNA
Y170014CAR_RA,CARSON,CAR,EF,CAR_EFork,Lahontan Cutthroat Trout,LCT,CARSON,East Fork,2017,Extracted DNA
Y170015CAR_RA,CARSON,CAR,EF,CAR_EFork,Lahontan Cutthroat Trout,LCT,CARSON,East Fork,2017,Extracted DNA
Y170016CAR_RA,CARSON,CAR,EF,CAR_EFork,Lahontan Cutthroat Trout,LCT,CARSON,East Fork,2017,Extracted DNA
Y170017CAR_RA,CARSON,CAR,EF,CAR_EFork,Lahontan Cutthroat Trout,LCT,CARSON,East Fork,2017,Extracted DNA
Y170018CAR_RA,CARSON,CAR,EF,CAR_EFork,Lahontan Cutthroat Trout,LCT,CARSON,East Fork,2017,Extracted DNA
Y170019CAR_RA,CARSON,CAR,EF,CAR_EFork,Lahontan Cutthroat Trout,LCT,CARSON,East Fork,2017,Extracted DNA
Y170020CAR_RA,CARSON,CAR,EF,CAR_EFork,Lahontan Cutthroat Trout,LCT,CARSON,East Fork,2017,Extracted DNA
Y170021CAR_RA,CARSON,CAR,EF,CAR_EFork,Lahontan Cutthroat Trout,LCT,CARSON,East Fork,2017,Extracted DNA
Y170022CAR_RA,CARSON,CAR,EF,CAR_EFork,Lahontan Cutthroat Trout,LCT,CARSON,East Fork,2017,Extracted DNA
Y170023CAR_RA,CARSON,CAR,EF,CAR_EFork,Lahontan Cutthroat Trout,LCT,CARSON,East Fork,2017,Extracted DNA
Y170024CAR_RA,CARSON,CAR,EF,CAR_EFork,Lahontan Cutthroat Trout,LCT,CARSON,East Fork,2017,Extracted DNA
Y170025CAR_RA,CARSON,CAR,EF,CAR_EFork,Lahontan Cutthroat Trout,LCT,CARSON,East Fork,2017,Extracted DNA
Y170026CAR_RA,CARSON,CAR,EF,CAR_EFork,Lahontan Cutthroat Trout,LCT,CARSON,East Fork,2017,Extracted DNA
Y170027CAR_RA,CARSON,CAR,EF,CAR_EFork,Lahontan Cutthroat Trout,LCT,CARSON,East Fork,2017,Extracted DNA
Y170028CAR_RA,CARSON,CAR,EF,CAR_EFork,Lahontan Cutthroat Trout,LCT,CARSON,East Fork,2017,Extracted DNA
Y170029CAR_RA,CARSON,CAR,EF,CAR_EFork,Lahontan Cutthroat Trout,LCT,CARSON,East Fork,2017,Extracted DNA
Y170030CAR_RA,CARSON,CAR,EF,CAR_EFork,Lahontan Cutthroat Trout,LCT,CARSON,East Fork,2017,Extracted DNA
Y170031CAR_RA,CARSON,CAR,EF,CAR_EFork,Lahontan Cutthroat Trout,LCT,CARSON,East Fork,2017,Extracted DNA
Y170032CAR_RA,CARSON,CAR,EF,CAR_EFork,Lahontan Cutthroat Trout,LCT,CARSON,East Fork,2017,Extracted DNA
Y170033CAR_RA,CARSON,CAR,East Fork Golden Canyon Creek,CAR_EFGoldenCany,Lahontan Cutthroat Trout,LCT,CARSON,East Fork,2017,Extracted DNA
Y170034CAR_RA,CARSON,CAR,East Fork Golden Canyon Creek,CAR_EFGoldenCany,Lahontan Cutthroat Trout,LCT,CARSON,East Fork,2017,Extracted DNA
Y170035CAR_RA,CARSON,CAR,East Fork Golden Canyon Creek,CAR_EFGoldenCany,Lahontan Cutthroat Trout,LCT,CARSON,East Fork,2017,Extracted DNA
Y170036CAR_RA,CARSON,CAR,East Fork Golden Canyon Creek,CAR_EFGoldenCany,Lahontan Cutthroat Trout,LCT,CARSON,East Fork,2017,Extracted DNA
Y170037CAR_RA,CARSON,CAR,East Fork Golden Canyon Creek,CAR_EFGoldenCany,Lahontan Cutthroat Trout,LCT,CARSON,East Fork,2017,Extracted DNA
Y170038CAR_RA,CARSON,CAR,East Fork Golden Canyon Creek,CAR_EFGoldenCany,Lahontan Cutthroat Trout,LCT,CARSON,East Fork,2017,Extracted DNA
Y170039CAR_RA,CARSON,CAR,East Fork Golden Canyon Creek,CAR_EFGoldenCany,Lahontan Cutthroat Trout,LCT,CARSON,East Fork,2017,Extracted DNA
Y170040CAR_RA,CARSON,CAR,East Fork Golden Canyon Creek,CAR_EFGoldenCany,Lahontan Cutthroat Trout,LCT,CARSON,East Fork,2017,Extracted DNA
Y170041CAR_RA,CARSON,CAR,East Fork Golden Canyon Creek,CAR_EFGoldenCany,Lahontan Cutthroat Trout,LCT,CARSON,East Fork,2017,Extracted DNA
Y170042CAR_RA,CARSON,CAR,East Fork Golden Canyon Creek,CAR_EFGoldenCany,Lahontan Cutthroat Trout,LCT,CARSON,East Fork,2017,Extracted DNA
Y170043CAR_RA,CARSON,CAR,East Fork Golden Canyon Creek,CAR_EFGoldenCany,Lahontan Cutthroat Trout,LCT,CARSON,East Fork,2017,Extracted DNA
Y170044CAR_RA,CARSON,CAR,East Fork Golden Canyon Creek,CAR_EFGoldenCany,Lahontan Cutthroat Trout,LCT,CARSON,East Fork,2017,Extracted DNA
Y170045CAR_RA,CARSON,CAR,East Fork Murray Canyon Creek,CAR_EFMurray,Lahontan Cutthroat Trout,LCT,CARSON,East Fork,2017,Extracted DNA
Y170046CAR_RA,CARSON,CAR,East Fork Murray Canyon Creek,CAR_EFMurray,Lahontan Cutthroat Trout,LCT,CARSON,East Fork,2017,Extracted DNA
Y170047CAR_RA,CARSON,CAR,East Fork Murray Canyon Creek,CAR_EFMurray,Lahontan Cutthroat Trout,LCT,CARSON,East Fork,2017,Extracted DNA
Y170048CAR_RA,CARSON,CAR,East Fork Murray Canyon Creek,CAR_EFMurray,Lahontan Cutthroat Trout,LCT,CARSON,East Fork,2017,Extracted DNA
Y170049CAR_RA,CARSON,CAR,East Fork Murray Canyon Creek,CAR_EFMurray,Lahontan Cutthroat Trout,LCT,CARSON,East Fork,2017,Extracted DNA
Y170050CAR_RA,CARSON,CAR,East Fork Murray Canyon Creek,CAR_EFMurray,Lahontan Cutthroat Trout,LCT,CARSON,East Fork,2017,Extracted DNA
Y170051CAR_RA,CARSON,CAR,East Fork Murray Canyon Creek,CAR_EFMurray,Lahontan Cutthroat Trout,LCT,CARSON,East Fork,2017,Extracted DNA
Y170052CAR_RA,CARSON,CAR,East Fork Murray Canyon Creek,CAR_EFMurray,Lahontan Cutthroat Trout,LCT,CARSON,East Fork,2017,Extracted DNA
Y170053CAR_RA,CARSON,CAR,East Fork Murray Canyon Creek,CAR_EFMurray,Lahontan Cutthroat Trout,LCT,CARSON,East Fork,2017,Extracted DNA
Y170054CAR_RA,CARSON,CAR,East Fork Murray Canyon Creek,CAR_EFMurray,Lahontan Cutthroat Trout,LCT,CARSON,East Fork,2017,Extracted DNA
Y170055CAR_RA,CARSON,CAR,East Fork Murray Canyon Creek,CAR_EFMurray,Lahontan Cutthroat Trout,LCT,CARSON,East Fork,2017,Extracted DNA
Y170056CAR_RA,CARSON,CAR,East Fork Murray Canyon Creek,CAR_EFMurray,Lahontan Cutthroat Trout,LCT,CARSON,East Fork,2017,Extracted DNA
Y170057CAR_RA,CARSON,CAR,East Fork Murray Canyon Creek,CAR_EFMurray,Lahontan Cutthroat Trout,LCT,CARSON,East Fork,2017,Extracted DNA
Y170058CAR_RA,CARSON,CAR,East Fork Murray Canyon Creek,CAR_EFMurray,Lahontan Cutthroat Trout,LCT,CARSON,East Fork,2017,Extracted DNA
Y170059CAR_RA,CARSON,CAR,East Fork Murray Canyon Creek,CAR_EFMurray,Lahontan Cutthroat Trout,LCT,CARSON,East Fork,2017,Extracted DNA
Y170060CAR_RA,CARSON,CAR,East Fork Murray Canyon Creek,CAR_EFMurray,Lahontan Cutthroat Trout,LCT,CARSON,East Fork,2017,Extracted DNA
Y170061CAR_RA,CARSON,CAR,East Fork Murray Canyon Creek,CAR_EFMurray,Lahontan Cutthroat Trout,LCT,CARSON,East Fork,2017,Extracted DNA
Y170062CAR_RA,CARSON,CAR,East Fork Murray Canyon Creek,CAR_EFMurray,Lahontan Cutthroat Trout,LCT,CARSON,East Fork,2017,Extracted DNA
Y170063CAR_RA,CARSON,CAR,East Fork Murray Canyon Creek,CAR_EFMurray,Lahontan Cutthroat Trout,LCT,CARSON,East Fork,2017,Extracted DNA
Y170064CAR_RA,CARSON,CAR,East Fork Murray Canyon Creek,CAR_EFMurray,Lahontan Cutthroat Trout,LCT,CARSON,East Fork,2017,Extracted DNA
Y170065CAR_RA,CARSON,CAR,East Fork Murray Canyon Creek,CAR_EFMurray,Lahontan Cutthroat Trout,LCT,CARSON,East Fork,2017,Extracted DNA
Y170066CAR_RA,CARSON,CAR,East Fork Murray Canyon Creek,CAR_EFMurray,Lahontan Cutthroat Trout,LCT,CARSON,East Fork,2017,Extracted DNA
Y170067CAR_RA,CARSON,CAR,East Fork Murray Canyon Creek,CAR_EFMurray,Lahontan Cutthroat Trout,LCT,CARSON,East Fork,2017,Extracted DNA
Y170068CAR_RA,CARSON,CAR,East Fork Murray Canyon Creek,CAR_EFMurray,Lahontan Cutthroat Trout,LCT,CARSON,East Fork,2017,Extracted DNA
Y170069CAR_RA,CARSON,CAR,East Fork Murray Canyon Creek,CAR_EFMurray,Lahontan Cutthroat Trout,LCT,CARSON,East Fork,2017,Extracted DNA
Y170070CAR_RA,CARSON,CAR,East Fork Murray Canyon Creek,CAR_EFMurray,Lahontan Cutthroat Trout,LCT,CARSON,East Fork,2017,Extracted DNA
Y170071CAR_RA,CARSON,CAR,East Fork Murray Canyon Creek,CAR_EFMurray,Lahontan Cutthroat Trout,LCT,CARSON,East Fork,2017,Extracted DNA
Y170072CAR_RA,CARSON,CAR,East Fork Poison Flat Creek,CAR_EFPoison,Lahontan Cutthroat Trout,LCT,CARSON,East Fork,2017,Extracted DNA
Y170073CAR_RA,CARSON,CAR,East Fork Poison Flat Creek,CAR_EFPoison,Lahontan Cutthroat Trout,LCT,CARSON,East Fork,2017,Extracted DNA
Y170074CAR_RA,CARSON,CAR,East Fork Poison Flat Creek,CAR_EFPoison,Lahontan Cutthroat Trout,LCT,CARSON,East Fork,2017,Extracted DNA
Y170075CAR_RA,CARSON,CAR,East Fork Poison Flat Creek,CAR_EFPoison,Lahontan Cutthroat Trout,LCT,CARSON,East Fork,2017,Extracted DNA
Y170076CAR_RA,CARSON,CAR,East Fork Poison Flat Creek,CAR_EFPoison,Lahontan Cutthroat Trout,LCT,CARSON,East Fork,2017,Extracted DNA
Y170077CAR_RA,CARSON,CAR,East Fork Poison Flat Creek,CAR_EFPoison,Lahontan Cutthroat Trout,LCT,CARSON,East Fork,2017,Extracted DNA
Y170078CAR_RA,CARSON,CAR,East Fork Poison Flat Creek,CAR_EFPoison,Lahontan Cutthroat Trout,LCT,CARSON,East Fork,2017,Extracted DNA
Y170079CAR_RA,CARSON,CAR,East Fork Poison Flat Creek,CAR_EFPoison,Lahontan Cutthroat Trout,LCT,CARSON,East Fork,2017,Extracted DNA
Y170080CAR_RA,CARSON,CAR,East Fork Poison Flat Creek,CAR_EFPoison,Lahontan Cutthroat Trout,LCT,CARSON,East Fork,2017,Extracted DNA
Y170081CAR_RA,CARSON,CAR,East Fork Poison Flat Creek,CAR_EFPoison,Lahontan Cutthroat Trout,LCT,CARSON,East Fork,2017,Extracted DNA
Y170082CAR_RA,CARSON,CAR,East Fork Poison Flat Creek,CAR_EFPoison,Lahontan Cutthroat Trout,LCT,CARSON,East Fork,2017,Extracted DNA
Y170083CAR_RA,CARSON,CAR,East Fork Poison Flat Creek,CAR_EFPoison,Lahontan Cutthroat Trout,LCT,CARSON,East Fork,2017,Extracted DNA
Y170084CAR_RA,CARSON,CAR,East Fork Poison Flat Creek,CAR_EFPoison,Lahontan Cutthroat Trout,LCT,CARSON,East Fork,2017,Extracted DNA
Y170085CAR_RA,CARSON,CAR,East Fork Poison Flat Creek,CAR_EFPoison,Lahontan Cutthroat Trout,LCT,CARSON,East Fork,2017,Extracted DNA
Y170086CAR_RA,CARSON,CAR,East Fork Poison Flat Creek,CAR_EFPoison,Lahontan Cutthroat Trout,LCT,CARSON,East Fork,2017,Extracted DNA
Y170087CAR_RA,CARSON,CAR,East Fork Poison Flat Creek,CAR_EFPoison,Lahontan Cutthroat Trout,LCT,CARSON,East Fork,2017,Extracted DNA
Y170088CAR_RA,CARSON,CAR,East Fork Poison Flat Creek,CAR_EFPoison,Lahontan Cutthroat Trout,LCT,CARSON,East Fork,2017,Extracted DNA
Y170089CAR_RA,CARSON,CAR,East Fork Poison Flat Creek,CAR_EFPoison,Lahontan Cutthroat Trout,LCT,CARSON,East Fork,2017,Extracted DNA
Y170090CAR_RA,CARSON,CAR,East Fork Poison Flat Creek,CAR_EFPoison,Lahontan Cutthroat Trout,LCT,CARSON,East Fork,2017,Extracted DNA
Y170091CAR_RA,CARSON,CAR,East Fork Poison Flat Creek,CAR_EFPoison,Lahontan Cutthroat Trout,LCT,CARSON,East Fork,2017,Extracted DNA
Y170092CAR_RA,CARSON,CAR,East Fork Poison Flat Creek,CAR_EFPoison,Lahontan Cutthroat Trout,LCT,CARSON,East Fork,2017,Extracted DNA
Y170093CAR_RA,CARSON,CAR,East Fork Poison Flat Creek,CAR_EFPoison,Lahontan Cutthroat Trout,LCT,CARSON,East Fork,2017,Extracted DNA
Y170094CAR_RA,CARSON,CAR,East Fork Poison Flat Creek,CAR_EFPoison,Lahontan Cutthroat Trout,LCT,CARSON,East Fork,2017,Extracted DNA
Y170095CAR_RA,CARSON,CAR,East Fork Poison Flat Creek,CAR_EFPoison,Lahontan Cutthroat Trout,LCT,CARSON,East Fork,2017,Extracted DNA
Y170096CAR_RA,CARSON,CAR,East Fork Poison Flat Creek,CAR_EFPoison,Lahontan Cutthroat Trout,LCT,CARSON,East Fork,2017,Extracted DNA
Y170097CAR_RA,CARSON,CAR,East Fork Poison Flat Creek,CAR_EFPoison,Lahontan Cutthroat Trout,LCT,CARSON,East Fork,2017,Extracted DNA
Y170098CAR_RA,CARSON,CAR,East Fork Poison Flat Creek,CAR_EFPoison,Lahontan Cutthroat Trout,LCT,CARSON,East Fork,2017,Extracted DNA
Y170099CAR_RA,CARSON,CAR,East Fork Poison Flat Creek,CAR_EFPoison,Lahontan Cutthroat Trout,LCT,CARSON,East Fork,2017,Extracted DNA
Y170100CAR_RA,CARSON,CAR,East Fork Poison Flat Creek,CAR_EFPoison,Lahontan Cutthroat Trout,LCT,CARSON,East Fork,2017,Extracted DNA
Y170101CAR_RA,CARSON,CAR,East Fork Poison Flat Creek,CAR_EFPoison,Lahontan Cutthroat Trout,LCT,CARSON,East Fork,2017,Extracted DNA
Y170102CAR_RA,CARSON,CAR,East Fork Poison Flat Creek,CAR_EFPoison,Lahontan Cutthroat Trout,LCT,CARSON,East Fork,2017,Extracted DNA
Y160001CAR_RA,HEENAN,CAR_HL,HL,HEENAN,Lahontan Cutthroat Trout,LCT,HEENAN,Heenan Lake,2010,Extracted DNA
Y160002CAR_RA,HEENAN,CAR_HL,HL,HEENAN,Lahontan Cutthroat Trout,LCT,HEENAN,Heenan Lake,2010,Extracted DNA
Y160003CAR_RA,HEENAN,CAR_HL,HL,HEENAN,Lahontan Cutthroat Trout,LCT,HEENAN,Heenan Lake,2010,Extracted DNA
Y160004CAR_RA,HEENAN,CAR_HL,HL,HEENAN,Lahontan Cutthroat Trout,LCT,HEENAN,Heenan Lake,2010,Extracted DNA
Y160005CAR_RA,HEENAN,CAR_HL,HL,HEENAN,Lahontan Cutthroat Trout,LCT,HEENAN,Heenan Lake,2010,Extracted DNA
Y160006CAR_RA,HEENAN,CAR_HL,HL,HEENAN,Lahontan Cutthroat Trout,LCT,HEENAN,Heenan Lake,2010,Extracted DNA
Y160007CAR_RA,HEENAN,CAR_HL,HL,HEENAN,Lahontan Cutthroat Trout,LCT,HEENAN,Heenan Lake,2010,Extracted DNA
Y160008CAR_RA,HEENAN,CAR_HL,HL,HEENAN,Lahontan Cutthroat Trout,LCT,HEENAN,Heenan Lake,2010,Extracted DNA
Y160009CAR_RA,HEENAN,CAR_HL,HL,HEENAN,Lahontan Cutthroat Trout,LCT,HEENAN,Heenan Lake,2010,Extracted DNA
Y160010CAR_RA,HEENAN,CAR_HL,HL,HEENAN,Lahontan Cutthroat Trout,LCT,HEENAN,Heenan Lake,2010,Extracted DNA
Y160011CAR_RA,HEENAN,CAR_HL,HL,HEENAN,Lahontan Cutthroat Trout,LCT,HEENAN,Heenan Lake,2010,Extracted DNA
Y160012CAR_RA,HEENAN,CAR_HL,HL,HEENAN,Lahontan Cutthroat Trout,LCT,HEENAN,Heenan Lake,2010,Extracted DNA
Y160013CAR_RA,HEENAN,CAR_HL,HL,HEENAN,Lahontan Cutthroat Trout,LCT,HEENAN,Heenan Lake,2010,Extracted DNA
Y160014CAR_RA,HEENAN,CAR_HL,HL,HEENAN,Lahontan Cutthroat Trout,LCT,HEENAN,Heenan Lake,2010,Extracted DNA
Y160015CAR_RA,HEENAN,CAR_HL,HL,HEENAN,Lahontan Cutthroat Trout,LCT,HEENAN,Heenan Lake,2010,Extracted DNA
Y160016CAR_RA,HEENAN,CAR_HL,HL,HEENAN,Lahontan Cutthroat Trout,LCT,HEENAN,Heenan Lake,2010,Extracted DNA
Y160017CAR_RA,HEENAN,CAR_HL,HL,HEENAN,Lahontan Cutthroat Trout,LCT,HEENAN,Heenan Lake,2010,Extracted DNA
Y160018CAR_RA,HEENAN,CAR_HL,HL,HEENAN,Lahontan Cutthroat Trout,LCT,HEENAN,Heenan Lake,2010,Extracted DNA
Y160019CAR_RA,HEENAN,CAR_HL,HL,HEENAN,Lahontan Cutthroat Trout,LCT,HEENAN,Heenan Lake,2010,Extracted DNA
Y160020CAR_RA,HEENAN,CAR_HL,HL,HEENAN,Lahontan Cutthroat Trout,LCT,HEENAN,Heenan Lake,2010,Extracted DNA
Y160021CAR_RA,HEENAN,CAR_HL,HL,HEENAN,Lahontan Cutthroat Trout,LCT,HEENAN,Heenan Lake,2010,Extracted DNA
Y160022CAR_RA,HEENAN,CAR_HL,HL,HEENAN,Lahontan Cutthroat Trout,LCT,HEENAN,Heenan Lake,2010,Extracted DNA
Y160023CAR_RA,HEENAN,CAR_HL,HL,HEENAN,Lahontan Cutthroat Trout,LCT,HEENAN,Heenan Lake,2010,Extracted DNA
Y160024CAR_RA,HEENAN,CAR_HL,HL,HEENAN,Lahontan Cutthroat Trout,LCT,HEENAN,Heenan Lake,2010,Extracted DNA
Y160025CAR_RA,HEENAN,CAR_HL,HL,HEENAN,Lahontan Cutthroat Trout,LCT,HEENAN,Heenan Lake,2010,Extracted DNA
Y160026CAR_RA,HEENAN,CAR_HL,HL,HEENAN,Lahontan Cutthroat Trout,LCT,HEENAN,Heenan Lake,2010,Extracted DNA
Y160029CAR_RA,HEENAN,CAR_HL,HL,HEENAN,Lahontan Cutthroat Trout,LCT,HEENAN,Heenan Lake,2010,Extracted DNA
Y160030CAR_RA,HEENAN,CAR_HL,HL,HEENAN,Lahontan Cutthroat Trout,LCT,HEENAN,Heenan Lake,2010,Extracted DNA
Y160031CAR_RA,HEENAN,CAR_HL,HL,HEENAN,Lahontan Cutthroat Trout,LCT,HEENAN,Heenan Lake,2010,Extracted DNA
Y160032CAR_RA,HEENAN,CAR_HL,HL,HEENAN,Lahontan Cutthroat Trout,LCT,HEENAN,Heenan Lake,2010,Extracted DNA
Y160033CAR_RA,HEENAN,CAR_HL,HL,HEENAN,Lahontan Cutthroat Trout,LCT,HEENAN,Heenan Lake,2010,Extracted DNA
Y160034CAR_RA,HEENAN,CAR_HL,HL,HEENAN,Lahontan Cutthroat Trout,LCT,HEENAN,Heenan Lake,2010,Extracted DNA
Y160035CAR_RA,HEENAN,CAR_HL,HL,HEENAN,Lahontan Cutthroat Trout,LCT,HEENAN,Heenan Lake,2010,Extracted DNA
Y160036CAR_RA,HEENAN,CAR_HL,HL,HEENAN,Lahontan Cutthroat Trout,LCT,HEENAN,Heenan Lake,2010,Extracted DNA
Y160037CAR_RA,HEENAN,CAR_HL,HL,HEENAN,Lahontan Cutthroat Trout,LCT,HEENAN,Heenan Lake,2010,Extracted DNA
Y160038CAR_RA,HEENAN,CAR_HL,HL,HEENAN,Lahontan Cutthroat Trout,LCT,HEENAN,Heenan Lake,2010,Extracted DNA
Y160039CAR_RA,HEENAN,CAR_HL,HL,HEENAN,Lahontan Cutthroat Trout,LCT,HEENAN,Heenan Lake,2010,Extracted DNA
Y160040CAR_RA,HEENAN,CAR_HL,HL,HEENAN,Lahontan Cutthroat Trout,LCT,HEENAN,Heenan Lake,2010,Extracted DNA
Y160041CAR_RA,HEENAN,CAR_HL,HL,HEENAN,Lahontan Cutthroat Trout,LCT,HEENAN,Heenan Lake,2010,Extracted DNA
Y160042CAR_RA,HEENAN,CAR_HL,HL,HEENAN,Lahontan Cutthroat Trout,LCT,HEENAN,Heenan Lake,2010,Extracted DNA
Y160043CAR_RA,HEENAN,CAR_HL,HL,HEENAN,Lahontan Cutthroat Trout,LCT,HEENAN,Heenan Lake,2010,Extracted DNA
Y160044CAR_RA,HEENAN,CAR_HL,HL,HEENAN,Lahontan Cutthroat Trout,LCT,HEENAN,Heenan Lake,2010,Extracted DNA
Y160045CAR_RA,HEENAN,CAR_HL,HL,HEENAN,Lahontan Cutthroat Trout,LCT,HEENAN,Heenan Lake,2010,Extracted DNA
Y160047CAR_RA,HEENAN,CAR_HL,HL,HEENAN,Lahontan Cutthroat Trout,LCT,HEENAN,Heenan Lake,2010,Extracted DNA
Y160048CAR_RA,HEENAN,CAR_HL,HL,HEENAN,Lahontan Cutthroat Trout,LCT,HEENAN,Heenan Lake,2010,Extracted DNA
Y160049CAR_RA,HEENAN,CAR_HL,HL,HEENAN,Lahontan Cutthroat Trout,LCT,HEENAN,Heenan Lake,2010,Extracted DNA
Y160050CAR_RA,HEENAN,CAR_HL,HL,HEENAN,Lahontan Cutthroat Trout,LCT,HEENAN,Heenan Lake,2010,Extracted DNA
Y160051CAR_RA,HEENAN,CAR_HL,HL,HEENAN,Lahontan Cutthroat Trout,LCT,HEENAN,Heenan Lake,2010,Extracted DNA
Y160052CAR_RA,HEENAN,CAR_HL,HL,HEENAN,Lahontan Cutthroat Trout,LCT,HEENAN,Heenan Lake,2010,Extracted DNA
Y160053CAR_RA,HEENAN,CAR_HL,HL,HEENAN,Lahontan Cutthroat Trout,LCT,HEENAN,Heenan Lake,2010,Extracted DNA
Y160054CAR_RA,HEENAN,CAR_HL,HL,HEENAN,Lahontan Cutthroat Trout,LCT,HEENAN,Heenan Lake,2010,Extracted DNA
Y160055CAR_RA,HEENAN,CAR_HL,HL,HEENAN,Lahontan Cutthroat Trout,LCT,HEENAN,Heenan Lake,2010,Extracted DNA
Y160056CAR_RA,HEENAN,CAR_HL,HL,HEENAN,Lahontan Cutthroat Trout,LCT,HEENAN,Heenan Lake,2010,Extracted DNA
Y160057CAR_RA,HEENAN,CAR_HL,HL,HEENAN,Lahontan Cutthroat Trout,LCT,HEENAN,Heenan Lake,2010,Extracted DNA
Y160058CAR_RA,HEENAN,CAR_HL,HL,HEENAN,Lahontan Cutthroat Trout,LCT,HEENAN,Heenan Lake,2010,Extracted DNA
Y160059CAR_RA,HEENAN,CAR_HL,HL,HEENAN,Lahontan Cutthroat Trout,LCT,HEENAN,Heenan Lake,2010,Extracted DNA
Y160060CAR_RA,HEENAN,CAR_HL,HL,HEENAN,Lahontan Cutthroat Trout,LCT,HEENAN,Heenan Lake,2010,Extracted DNA
Y160061CAR_RA,HEENAN,CAR_HL,HL,HEENAN,Lahontan Cutthroat Trout,LCT,HEENAN,Heenan Lake,2010,Extracted DNA
Y160062CAR_RA,HEENAN,CAR_HL,HL,HEENAN,Lahontan Cutthroat Trout,LCT,HEENAN,Heenan Lake,2010,Extracted DNA
Y160063CAR_RA,HEENAN,CAR_HL,HL,HEENAN,Lahontan Cutthroat Trout,LCT,HEENAN,Heenan Lake,2010,Extracted DNA
Y160064CAR_RA,HEENAN,CAR_HL,HL,HEENAN,Lahontan Cutthroat Trout,LCT,HEENAN,Heenan Lake,2010,Extracted DNA
Y160065CAR_RA,HEENAN,CAR_HL,HL,HEENAN,Lahontan Cutthroat Trout,LCT,HEENAN,Heenan Lake,2010,Extracted DNA
Y160066CAR_RA,HEENAN,CAR_HL,HL,HEENAN,Lahontan Cutthroat Trout,LCT,HEENAN,Heenan Lake,2010,Extracted DNA
Y160067CAR_RA,HEENAN,CAR_HL,HL,HEENAN,Lahontan Cutthroat Trout,LCT,HEENAN,Heenan Lake,2010,Extracted DNA
Y160068CAR_RA,HEENAN,CAR_HL,HL,HEENAN,Lahontan Cutthroat Trout,LCT,HEENAN,Heenan Lake,2010,Extracted DNA
Y160069CAR_RA,HEENAN,CAR_HL,HL,HEENAN,Lahontan Cutthroat Trout,LCT,HEENAN,Heenan Lake,2010,Extracted DNA
Y160070CAR_RA,HEENAN,CAR_HL,HL,HEENAN,Lahontan Cutthroat Trout,LCT,HEENAN,Heenan Lake,2010,Extracted DNA
Y160071CAR_RA,HEENAN,CAR_HL,HL,HEENAN,Lahontan Cutthroat Trout,LCT,HEENAN,Heenan Lake,2010,Extracted DNA
Y160072CAR_RA,HEENAN,CAR_HL,HL,HEENAN,Lahontan Cutthroat Trout,LCT,HEENAN,Heenan Lake,2010,Extracted DNA
Y160073CAR_RA,HEENAN,CAR_HL,HL,HEENAN,Lahontan Cutthroat Trout,LCT,HEENAN,Heenan Lake,2010,Extracted DNA
Y160074CAR_RA,HEENAN,CAR_HL,HL,HEENAN,Lahontan Cutthroat Trout,LCT,HEENAN,Heenan Lake,2010,Extracted DNA
Y160076CAR_RA,HEENAN,CAR_HL,HL,HEENAN,Lahontan Cutthroat Trout,LCT,HEENAN,Heenan Lake,2010,Extracted DNA
Y160077CAR_RA,HEENAN,CAR_HL,HL,HEENAN,Lahontan Cutthroat Trout,LCT,HEENAN,Heenan Lake,2010,Extracted DNA
Y160078CAR_RA,HEENAN,CAR_HL,HL,HEENAN,Lahontan Cutthroat Trout,LCT,HEENAN,Heenan Lake,2010,Extracted DNA
Y160079CAR_RA,HEENAN,CAR_HL,HL,HEENAN,Lahontan Cutthroat Trout,LCT,HEENAN,Heenan Lake,2010,Extracted DNA
Y160080CAR_RA,HEENAN,CAR_HL,HL,HEENAN,Lahontan Cutthroat Trout,LCT,HEENAN,Heenan Lake,2010,Extracted DNA
Y160081CAR_RA,HEENAN,CAR_HL,HL,HEENAN,Lahontan Cutthroat Trout,LCT,HEENAN,Heenan Lake,2010,Extracted DNA
Y160082CAR_RA,HEENAN,CAR_HL,HL,HEENAN,Lahontan Cutthroat Trout,LCT,HEENAN,Heenan Lake,2010,Extracted DNA
Y160001IPL_RA,IPL,IPL,IPL,INDEPEN,Lahontan Cutthroat Trout,LCT,IPL,Independence Lake,2016,Extracted DNA
Y160003IPL_RA,IPL,IPL,IPL,INDEPEN,Lahontan Cutthroat Trout,LCT,IPL,Independence Lake,2016,Extracted DNA
Y160004IPL_RA,IPL,IPL,IPL,INDEPEN,Lahontan Cutthroat Trout,LCT,IPL,Independence Lake,2016,Extracted DNA
Y160006IPL_RA,IPL,IPL,IPL,INDEPEN,Lahontan Cutthroat Trout,LCT,IPL,Independence Lake,2016,Extracted DNA
Y160007IPL_RA,IPL,IPL,IPL,INDEPEN,Lahontan Cutthroat Trout,LCT,IPL,Independence Lake,2016,Extracted DNA
Y160009IPL_RA,IPL,IPL,IPL,INDEPEN,Lahontan Cutthroat Trout,LCT,IPL,Independence Lake,2016,Extracted DNA
Y160013IPL_RA,IPL,IPL,IPL,INDEPEN,Lahontan Cutthroat Trout,LCT,IPL,Independence Lake,2016,Extracted DNA
Y160016IPL_RA,IPL,IPL,IPL,INDEPEN,Lahontan Cutthroat Trout,LCT,IPL,Independence Lake,2016,Extracted DNA
Y160017IPL_RA,IPL,IPL,IPL,INDEPEN,Lahontan Cutthroat Trout,LCT,IPL,Independence Lake,2016,Extracted DNA
Y160018IPL_RA,IPL,IPL,IPL,INDEPEN,Lahontan Cutthroat Trout,LCT,IPL,Independence Lake,2016,Extracted DNA
Y160020IPL_RA,IPL,IPL,IPL,INDEPEN,Lahontan Cutthroat Trout,LCT,IPL,Independence Lake,2016,Extracted DNA
Y160023IPL_RA,IPL,IPL,IPL,INDEPEN,Lahontan Cutthroat Trout,LCT,IPL,Independence Lake,2016,Extracted DNA
Y160024IPL_RA,IPL,IPL,IPL,INDEPEN,Lahontan Cutthroat Trout,LCT,IPL,Independence Lake,2016,Extracted DNA
Y160025IPL_RA,IPL,IPL,IPL,INDEPEN,Lahontan Cutthroat Trout,LCT,IPL,Independence Lake,2016,Extracted DNA
Y160028IPL_RA,IPL,IPL,IPL,INDEPEN,Lahontan Cutthroat Trout,LCT,IPL,Independence Lake,2016,Extracted DNA
Y160030IPL_RA,IPL,IPL,IPL,INDEPEN,Lahontan Cutthroat Trout,LCT,IPL,Independence Lake,2016,Extracted DNA
Y160031IPL_RA,IPL,IPL,IPL,INDEPEN,Lahontan Cutthroat Trout,LCT,IPL,Independence Lake,2016,Extracted DNA
Y160032IPL_RA,IPL,IPL,IPL,INDEPEN,Lahontan Cutthroat Trout,LCT,IPL,Independence Lake,2016,Extracted DNA
Y160033IPL_RA,IPL,IPL,IPL,INDEPEN,Lahontan Cutthroat Trout,LCT,IPL,Independence Lake,2016,Extracted DNA
Y160034IPL_RA,IPL,IPL,IPL,INDEPEN,Lahontan Cutthroat Trout,LCT,IPL,Independence Lake,2016,Extracted DNA
Y160035IPL_RA,IPL,IPL,IPL,INDEPEN,Lahontan Cutthroat Trout,LCT,IPL,Independence Lake,2016,Extracted DNA
Y160038IPL_RA,IPL,IPL,IPL,INDEPEN,Lahontan Cutthroat Trout,LCT,IPL,Independence Lake,2016,Extracted DNA
Y160039IPL_RA,IPL,IPL,IPL,INDEPEN,Lahontan Cutthroat Trout,LCT,IPL,Independence Lake,2016,Extracted DNA
Y160041IPL_RA,IPL,IPL,IPL,INDEPEN,Lahontan Cutthroat Trout,LCT,IPL,Independence Lake,2016,Extracted DNA
Y160056YUB_RA,YUB,YUB,MC,TKR_Macklin,Lahontan Cutthroat Trout,LCT,TRUCKEE,Macklin Creek,2016,Extracted DNA
Y160057YUB_RA,YUB,YUB,MC,TKR_Macklin,Lahontan Cutthroat Trout,LCT,TRUCKEE,Macklin Creek,2016,Extracted DNA
Y160060YUB_RA,YUB,YUB,MC,TKR_Macklin,Lahontan Cutthroat Trout,LCT,TRUCKEE,Macklin Creek,2016,Extracted DNA
Y160061YUB_RA,YUB,YUB,MC,TKR_Macklin,Lahontan Cutthroat Trout,LCT,TRUCKEE,Macklin Creek,2016,Extracted DNA
Y160062YUB_RA,YUB,YUB,MC,TKR_Macklin,Lahontan Cutthroat Trout,LCT,TRUCKEE,Macklin Creek,2016,Extracted DNA
Y160063YUB_RA,YUB,YUB,MC,TKR_Macklin,Lahontan Cutthroat Trout,LCT,TRUCKEE,Macklin Creek,2016,Extracted DNA
Y160064YUB_RA,YUB,YUB,MC,TKR_Macklin,Lahontan Cutthroat Trout,LCT,TRUCKEE,Macklin Creek,2016,Extracted DNA
Y160065YUB_RA,YUB,YUB,MC,TKR_Macklin,Lahontan Cutthroat Trout,LCT,TRUCKEE,Macklin Creek,2016,Extracted DNA
Y160066YUB_RA,YUB,YUB,MC,TKR_Macklin,Lahontan Cutthroat Trout,LCT,TRUCKEE,Macklin Creek,2016,Extracted DNA
Y160067YUB_RA,YUB,YUB,MC,TKR_Macklin,Lahontan Cutthroat Trout,LCT,TRUCKEE,Macklin Creek,2016,Extracted DNA
Y160068YUB_RA,YUB,YUB,MC,TKR_Macklin,Lahontan Cutthroat Trout,LCT,TRUCKEE,Macklin Creek,2016,Extracted DNA
Y160069YUB_RA,YUB,YUB,MC,TKR_Macklin,Lahontan Cutthroat Trout,LCT,TRUCKEE,Macklin Creek,2016,Extracted DNA
Y160070YUB_RA,YUB,YUB,MC,TKR_Macklin,Lahontan Cutthroat Trout,LCT,TRUCKEE,Macklin Creek,2016,Extracted DNA
Y160071YUB_RA,YUB,YUB,MC,TKR_Macklin,Lahontan Cutthroat Trout,LCT,TRUCKEE,Macklin Creek,2016,Extracted DNA
Y160072YUB_RA,YUB,YUB,MC,TKR_Macklin,Lahontan Cutthroat Trout,LCT,TRUCKEE,Macklin Creek,2016,Extracted DNA
Y160073YUB_RA,YUB,YUB,MC,TKR_Macklin,Lahontan Cutthroat Trout,LCT,TRUCKEE,Macklin Creek,2016,Extracted DNA
Y160074YUB_RA,YUB,YUB,MC,TKR_Macklin,Lahontan Cutthroat Trout,LCT,TRUCKEE,Macklin Creek,2016,Extracted DNA
Y160075YUB_RA,YUB,YUB,MC,TKR_Macklin,Lahontan Cutthroat Trout,LCT,TRUCKEE,Macklin Creek,2016,Extracted DNA
Y160076YUB_RA,YUB,YUB,MC,TKR_Macklin,Lahontan Cutthroat Trout,LCT,TRUCKEE,Macklin Creek,2016,Extracted DNA
Y160077YUB_RA,YUB,YUB,MC,TKR_Macklin,Lahontan Cutthroat Trout,LCT,TRUCKEE,Macklin Creek,2016,Extracted DNA
Y160078YUB_RA,YUB,YUB,MC,TKR_Macklin,Lahontan Cutthroat Trout,LCT,TRUCKEE,Macklin Creek,2016,Extracted DNA
Y160079YUB_RA,YUB,YUB,MC,TKR_Macklin,Lahontan Cutthroat Trout,LCT,TRUCKEE,Macklin Creek,2016,Extracted DNA
Y160080YUB_RA,YUB,YUB,MC,TKR_Macklin,Lahontan Cutthroat Trout,LCT,TRUCKEE,Macklin Creek,2016,Extracted DNA
Y160081YUB_RA,YUB,YUB,MC,TKR_Macklin,Lahontan Cutthroat Trout,LCT,TRUCKEE,Macklin Creek,2016,Extracted DNA
Y160082YUB_RA,YUB,YUB,MC,TKR_Macklin,Lahontan Cutthroat Trout,LCT,TRUCKEE,Macklin Creek,2016,Extracted DNA
Y160083YUB_RA,YUB,YUB,MC,TKR_Macklin,Lahontan Cutthroat Trout,LCT,TRUCKEE,Macklin Creek,2016,Extracted DNA
Y160084YUB_RA,YUB,YUB,MC,TKR_Macklin,Lahontan Cutthroat Trout,LCT,TRUCKEE,Macklin Creek,2016,Extracted DNA
Y160085YUB_RA,YUB,YUB,MC,TKR_Macklin,Lahontan Cutthroat Trout,LCT,TRUCKEE,Macklin Creek,2016,Extracted DNA
Y160086YUB_RA,YUB,YUB,MC,TKR_Macklin,Lahontan Cutthroat Trout,LCT,TRUCKEE,Macklin Creek,2016,Extracted DNA
Y160087YUB_RA,YUB,YUB,MC,TKR_Macklin,Lahontan Cutthroat Trout,LCT,TRUCKEE,Macklin Creek,2016,Extracted DNA
Y160088YUB_RA,YUB,YUB,MC,TKR_Macklin,Lahontan Cutthroat Trout,LCT,TRUCKEE,Macklin Creek,2016,Extracted DNA
Y160089YUB_RA,YUB,YUB,MC,TKR_Macklin,Lahontan Cutthroat Trout,LCT,TRUCKEE,Macklin Creek,2016,Extracted DNA
Y160090YUB_RA,YUB,YUB,MC,TKR_Macklin,Lahontan Cutthroat Trout,LCT,TRUCKEE,Macklin Creek,2016,Extracted DNA
Y160001TKR_RA,TRUCK,TKR,PC,TKR_Pole,Lahontan Cutthroat Trout,LCT,TRUCKEE,Pole Creek,2016,Extract
Y160002TKR_RA,TRUCK,TKR,PC,TKR_Pole,Lahontan Cutthroat Trout,LCT,TRUCKEE,Pole Creek,2016,Extract
Y160003TKR_RA,TRUCK,TKR,PC,TKR_Pole,Lahontan Cutthroat Trout,LCT,TRUCKEE,Pole Creek,2016,Extract
Y160004TKR_RA,TRUCK,TKR,PC,TKR_Pole,Lahontan Cutthroat Trout,LCT,TRUCKEE,Pole Creek,2016,Extract
Y160005TKR_RA,TRUCK,TKR,PC,TKR_Pole,Lahontan Cutthroat Trout,LCT,TRUCKEE,Pole Creek,2016,Extract
Y160006TKR_RA,TRUCK,TKR,PC,TKR_Pole,Lahontan Cutthroat Trout,LCT,TRUCKEE,Pole Creek,2016,Extract
Y160007TKR_RA,TRUCK,TKR,PC,TKR_Pole,Lahontan Cutthroat Trout,LCT,TRUCKEE,Pole Creek,2016,Extract
Y160008TKR_RA,TRUCK,TKR,PC,TKR_Pole,Lahontan Cutthroat Trout,LCT,TRUCKEE,Pole Creek,2016,Extract
Y160009TKR_RA,TRUCK,TKR,PC,TKR_Pole,Lahontan Cutthroat Trout,LCT,TRUCKEE,Pole Creek,2016,Extract
Y160010TKR_RA,TRUCK,TKR,PC,TKR_Pole,Lahontan Cutthroat Trout,LCT,TRUCKEE,Pole Creek,2016,Extract
Y160011TKR_RA,TRUCK,TKR,PC,TKR_Pole,Lahontan Cutthroat Trout,LCT,TRUCKEE,Pole Creek,2016,Extract
Y160012TKR_RA,TRUCK,TKR,PC,TKR_Pole,Lahontan Cutthroat Trout,LCT,TRUCKEE,Pole Creek,2016,Extract
Y160013TKR_RA,TRUCK,TKR,PC,TKR_Pole,Lahontan Cutthroat Trout,LCT,TRUCKEE,Pole Creek,2016,Extract
Y160014TKR_RA,TRUCK,TKR,PC,TKR_Pole,Lahontan Cutthroat Trout,LCT,TRUCKEE,Pole Creek,2016,Extract
Y160015TKR_RA,TRUCK,TKR,PC,TKR_Pole,Lahontan Cutthroat Trout,LCT,TRUCKEE,Pole Creek,2016,Extract
Y160016TKR_RA,TRUCK,TKR,PC,TKR_Pole,Lahontan Cutthroat Trout,LCT,TRUCKEE,Pole Creek,2016,Extract
Y160017TKR_RA,TRUCK,TKR,PC,TKR_Pole,Lahontan Cutthroat Trout,LCT,TRUCKEE,Pole Creek,2016,Extract
Y160018TKR_RA,TRUCK,TKR,PC,TKR_Pole,Lahontan Cutthroat Trout,LCT,TRUCKEE,Pole Creek,2016,Extract
Y160019TKR_RA,TRUCK,TKR,PC,TKR_Pole,Lahontan Cutthroat Trout,LCT,TRUCKEE,Pole Creek,2016,Extract
Y160020TKR_RA,TRUCK,TKR,PC,TKR_Pole,Lahontan Cutthroat Trout,LCT,TRUCKEE,Pole Creek,2016,Extract
Y160021TKR_RA,TRUCK,TKR,PC,TKR_Pole,Lahontan Cutthroat Trout,LCT,TRUCKEE,Pole Creek,2016,Extract
Y160022TKR_RA,TRUCK,TKR,PC,TKR_Pole,Lahontan Cutthroat Trout,LCT,TRUCKEE,Pole Creek,2016,Extract
Y160023TKR_RA,TRUCK,TKR,PC,TKR_Pole,Lahontan Cutthroat Trout,LCT,TRUCKEE,Pole Creek,2016,Extract
Y160024TKR_RA,TRUCK,TKR,PC,TKR_Pole,Lahontan Cutthroat Trout,LCT,TRUCKEE,Pole Creek,2016,Extract
Y160025TKR_RA,TRUCK,TKR,PC,TKR_Pole,Lahontan Cutthroat Trout,LCT,TRUCKEE,Pole Creek,2016,Extract
Y160026TKR_RA,TRUCK,TKR,PC,TKR_Pole,Lahontan Cutthroat Trout,LCT,TRUCKEE,Pole Creek,2016,Extract
Y160027TKR_RA,TRUCK,TKR,PC,TKR_Pole,Lahontan Cutthroat Trout,LCT,TRUCKEE,Pole Creek,2016,Extract
Y160028TKR_RA,TRUCK,TKR,PC,TKR_Pole,Lahontan Cutthroat Trout,LCT,TRUCKEE,Pole Creek,2016,Extract
Y160029TKR_RA,TRUCK,TKR,PC,TKR_Pole,Lahontan Cutthroat Trout,LCT,TRUCKEE,Pole Creek,2016,Extract
Y160030TKR_RA,TRUCK,TKR,PC,TKR_Pole,Lahontan Cutthroat Trout,LCT,TRUCKEE,Pole Creek,2016,Extract
Y160031TKR_RA,TRUCK,TKR,PC,TKR_Pole,Lahontan Cutthroat Trout,LCT,TRUCKEE,Pole Creek,2016,Extract
Y160032TKR_RA,TRUCK,TKR,PC,TKR_Pole,Lahontan Cutthroat Trout,LCT,TRUCKEE,Pole Creek,2016,Extract
Y160033TKR_RA,TRUCK,TKR,PC,TKR_Pole,Lahontan Cutthroat Trout,LCT,TRUCKEE,Pole Creek,2016,Extract
Y160034TKR_RA,TRUCK,TKR,PC,TKR_Pole,Lahontan Cutthroat Trout,LCT,TRUCKEE,Pole Creek,2016,Extract
Y160035TKR_RA,TRUCK,TKR,PC,TKR_Pole,Lahontan Cutthroat Trout,LCT,TRUCKEE,Pole Creek,2016,Extract
Y160036TKR_RA,TRUCK,TKR,PC,TKR_Pole,Lahontan Cutthroat Trout,LCT,TRUCKEE,Pole Creek,2016,Extract
Y160037TKR_RA,TRUCK,TKR,PC,TKR_Pole,Lahontan Cutthroat Trout,LCT,TRUCKEE,Pole Creek,2016,Extract
Y170001TKR_RA,TRUCK,TKR,UP,TKR_Upper,Lahontan Cutthroat Trout,LCT,TRUCKEE,Upper,2017,Extract
Y170002TKR_RA,TRUCK,TKR,UP,TKR_Upper,Lahontan Cutthroat Trout,LCT,TRUCKEE,Upper,2017,Extract
Y170003TKR_RA,TRUCK,TKR,UP,TKR_Upper,Lahontan Cutthroat Trout,LCT,TRUCKEE,Upper,2017,Extract
Y170004TKR_RA,TRUCK,TKR,UP,TKR_Upper,Lahontan Cutthroat Trout,LCT,TRUCKEE,Upper,2017,Extract
Y170005TKR_RA,TRUCK,TKR,UP,TKR_Upper,Lahontan Cutthroat Trout,LCT,TRUCKEE,Upper,2017,Extract
Y170006TKR_RA,TRUCK,TKR,UP,TKR_Upper,Lahontan Cutthroat Trout,LCT,TRUCKEE,Upper,2017,Extract
Y170007TKR_RA,TRUCK,TKR,UP,TKR_Upper,Lahontan Cutthroat Trout,LCT,TRUCKEE,Upper,2017,Extract
Y170008TKR_RA,TRUCK,TKR,UP,TKR_Upper,Lahontan Cutthroat Trout,LCT,TRUCKEE,Upper,2017,Extract
Y170009TKR_RA,TRUCK,TKR,UP,TKR_Upper,Lahontan Cutthroat Trout,LCT,TRUCKEE,Upper,2017,Extract
Y170010TKR_RA,TRUCK,TKR,UP,TKR_Upper,Lahontan Cutthroat Trout,LCT,TRUCKEE,Upper,2017,Extract
Y170011TKR_RA,TRUCK,TKR,UP,TKR_Upper,Lahontan Cutthroat Trout,LCT,TRUCKEE,Upper,2017,Extract
Y170012TKR_RA,TRUCK,TKR,UP,TKR_Upper,Lahontan Cutthroat Trout,LCT,TRUCKEE,Upper,2017,Extract
Y170013TKR_RA,TRUCK,TKR,UP,TKR_Upper,Lahontan Cutthroat Trout,LCT,TRUCKEE,Upper,2017,Extract
Y170014TKR_RA,TRUCK,TKR,UP,TKR_Upper,Lahontan Cutthroat Trout,LCT,TRUCKEE,Upper,2017,Extract
Y170015TKR_RA,TRUCK,TKR,UP,TKR_Upper,Lahontan Cutthroat Trout,LCT,TRUCKEE,Upper,2017,Extract
Y170016TKR_RA,TRUCK,TKR,UP,TKR_Upper,Lahontan Cutthroat Trout,LCT,TRUCKEE,Upper,2017,Extract
Y170017TKR_RA,TRUCK,TKR,UP,TKR_Upper,Lahontan Cutthroat Trout,LCT,TRUCKEE,Upper,2017,Extract
Y170018TKR_RA,TRUCK,TKR,UP,TKR_Upper,Lahontan Cutthroat Trout,LCT,TRUCKEE,Upper,2017,Extract
Y170019TKR_RA,TRUCK,TKR,UP,TKR_Upper,Lahontan Cutthroat Trout,LCT,TRUCKEE,Upper,2017,Extract
Y170020TKR_RA,TRUCK,TKR,UP,TKR_Upper,Lahontan Cutthroat Trout,LCT,TRUCKEE,Upper,2017,Extract
Y200091WKR_RA,WALK,BYDY,ByDayCreek,WALK_ByDay,Lahontan Cutthroat Trout,LCT,WALKER,By Day Creek,2020,fin clips
Y200092WKR_RA,WALK,BYDY,ByDayCreek,WALK_ByDay,Lahontan Cutthroat Trout,LCT,WALKER,By Day Creek,2020,fin clips
Y200093WKR_RA,WALK,BYDY,ByDayCreek,WALK_ByDay,Lahontan Cutthroat Trout,LCT,WALKER,By Day Creek,2020,fin clips
Y200094WKR_RA,WALK,BYDY,ByDayCreek,WALK_ByDay,Lahontan Cutthroat Trout,LCT,WALKER,By Day Creek,2020,fin clips
Y200095WKR_RA,WALK,BYDY,ByDayCreek,WALK_ByDay,Lahontan Cutthroat Trout,LCT,WALKER,By Day Creek,2020,fin clips
Y200096WKR_RA,WALK,BYDY,ByDayCreek,WALK_ByDay,Lahontan Cutthroat Trout,LCT,WALKER,By Day Creek,2020,fin clips
Y200097WKR_RA,WALK,BYDY,ByDayCreek,WALK_ByDay,Lahontan Cutthroat Trout,LCT,WALKER,By Day Creek,2020,fin clips
Y200098WKR_RA,WALK,BYDY,ByDayCreek,WALK_ByDay,Lahontan Cutthroat Trout,LCT,WALKER,By Day Creek,2020,fin clips
Y200099WKR_RA,WALK,BYDY,ByDayCreek,WALK_ByDay,Lahontan Cutthroat Trout,LCT,WALKER,By Day Creek,2020,fin clips
Y200100WKR_RA,WALK,BYDY,ByDayCreek,WALK_ByDay,Lahontan Cutthroat Trout,LCT,WALKER,By Day Creek,2020,fin clips
Y200101WKR_RA,WALK,BYDY,ByDayCreek,WALK_ByDay,Lahontan Cutthroat Trout,LCT,WALKER,By Day Creek,2020,fin clips
Y200102WKR_RA,WALK,BYDY,ByDayCreek,WALK_ByDay,Lahontan Cutthroat Trout,LCT,WALKER,By Day Creek,2020,fin clips
Y200103WKR_RA,WALK,BYDY,ByDayCreek,WALK_ByDay,Lahontan Cutthroat Trout,LCT,WALKER,By Day Creek,2020,fin clips
Y200104WKR_RA,WALK,BYDY,ByDayCreek,WALK_ByDay,Lahontan Cutthroat Trout,LCT,WALKER,By Day Creek,2020,fin clips
Y200105WKR_RA,WALK,BYDY,ByDayCreek,WALK_ByDay,Lahontan Cutthroat Trout,LCT,WALKER,By Day Creek,2020,fin clips
Y200106WKR_RA,WALK,BYDY,ByDayCreek,WALK_ByDay,Lahontan Cutthroat Trout,LCT,WALKER,By Day Creek,2020,fin clips
Y200107WKR_RA,WALK,BYDY,ByDayCreek,WALK_ByDay,Lahontan Cutthroat Trout,LCT,WALKER,By Day Creek,2020,fin clips
Y200108WKR_RA,WALK,BYDY,ByDayCreek,WALK_ByDay,Lahontan Cutthroat Trout,LCT,WALKER,By Day Creek,2020,fin clips
Y200109WKR_RA,WALK,BYDY,ByDayCreek,WALK_ByDay,Lahontan Cutthroat Trout,LCT,WALKER,By Day Creek,2020,fin clips
Y200110WKR_RA,WALK,BYDY,ByDayCreek,WALK_ByDay,Lahontan Cutthroat Trout,LCT,WALKER,By Day Creek,2020,fin clips
Y200111WKR_RA,WALK,BYDY,ByDayCreek,WALK_ByDay,Lahontan Cutthroat Trout,LCT,WALKER,By Day Creek,2020,fin clips
Y200112WKR_RA,WALK,BYDY,ByDayCreek,WALK_ByDay,Lahontan Cutthroat Trout,LCT,WALKER,By Day Creek,2020,fin clips
Y200113WKR_RA,WALK,BYDY,ByDayCreek,WALK_ByDay,Lahontan Cutthroat Trout,LCT,WALKER,Mill Creek,2020,fin clips
Y200114WKR_RA,WALK,BYDY,ByDayCreek,WALK_ByDay,Lahontan Cutthroat Trout,LCT,WALKER,Mill Creek,2020,fin clips
Y200115WKR_RA,WALK,BYDY,ByDayCreek,WALK_ByDay,Lahontan Cutthroat Trout,LCT,WALKER,Mill Creek,2020,fin clips
Y200116WKR_RA,WALK,BYDY,ByDayCreek,WALK_ByDay,Lahontan Cutthroat Trout,LCT,WALKER,Mill Creek,2020,fin clips
Y200117WKR_RA,WALK,BYDY,ByDayCreek,WALK_ByDay,Lahontan Cutthroat Trout,LCT,WALKER,Mill Creek,2020,fin clips
Y200118WKR_RA,WALK,BYDY,ByDayCreek,WALK_ByDay,Lahontan Cutthroat Trout,LCT,WALKER,Mill Creek,2020,fin clips
Y200119WKR_RA,WALK,BYDY,ByDayCreek,WALK_ByDay,Lahontan Cutthroat Trout,LCT,WALKER,Mill Creek,2020,fin clips
Y200120WKR_RA,WALK,BYDY,ByDayCreek,WALK_ByDay,Lahontan Cutthroat Trout,LCT,WALKER,Mill Creek,2020,fin clips
Y200061WKR_RA,WALK,MILL,MILL,WALK_Mill,Lahontan Cutthroat Trout,LCT,WALKER,Mill Creek,2020,fin clips
Y200062WKR_RA,WALK,MILL,MILL,WALK_Mill,Lahontan Cutthroat Trout,LCT,WALKER,Mill Creek,2020,fin clips
Y200063WKR_RA,WALK,MILL,MILL,WALK_Mill,Lahontan Cutthroat Trout,LCT,WALKER,Mill Creek,2020,fin clips
Y200064WKR_RA,WALK,MILL,MILL,WALK_Mill,Lahontan Cutthroat Trout,LCT,WALKER,Mill Creek,2020,fin clips
Y200065WKR_RA,WALK,MILL,MILL,WALK_Mill,Lahontan Cutthroat Trout,LCT,WALKER,Mill Creek,2020,fin clips
Y200066WKR_RA,WALK,MILL,MILL,WALK_Mill,Lahontan Cutthroat Trout,LCT,WALKER,Mill Creek,2020,fin clips
Y200067WKR_RA,WALK,MILL,MILL,WALK_Mill,Lahontan Cutthroat Trout,LCT,WALKER,Mill Creek,2020,fin clips
Y200068WKR_RA,WALK,MILL,MILL,WALK_Mill,Lahontan Cutthroat Trout,LCT,WALKER,Mill Creek,2020,fin clips
Y200069WKR_RA,WALK,MILL,MILL,WALK_Mill,Lahontan Cutthroat Trout,LCT,WALKER,Mill Creek,2020,fin clips
Y200070WKR_RA,WALK,MILL,MILL,WALK_Mill,Lahontan Cutthroat Trout,LCT,WALKER,Mill Creek,2020,fin clips
Y200071WKR_RA,WALK,MILL,MILL,WALK_Mill,Lahontan Cutthroat Trout,LCT,WALKER,Mill Creek,2020,fin clips
Y200072WKR_RA,WALK,MILL,MILL,WALK_Mill,Lahontan Cutthroat Trout,LCT,WALKER,Mill Creek,2020,fin clips
Y200073WKR_RA,WALK,MILL,MILL,WALK_Mill,Lahontan Cutthroat Trout,LCT,WALKER,Mill Creek,2020,fin clips
Y200074WKR_RA,WALK,MILL,MILL,WALK_Mill,Lahontan Cutthroat Trout,LCT,WALKER,Mill Creek,2020,fin clips
Y200075WKR_RA,WALK,MILL,MILL,WALK_Mill,Lahontan Cutthroat Trout,LCT,WALKER,Mill Creek,2020,fin clips
Y200076WKR_RA,WALK,MILL,MILL,WALK_Mill,Lahontan Cutthroat Trout,LCT,WALKER,Mill Creek,2020,fin clips
Y200077WKR_RA,WALK,MILL,MILL,WALK_Mill,Lahontan Cutthroat Trout,LCT,WALKER,Mill Creek,2020,fin clips
Y200078WKR_RA,WALK,MILL,MILL,WALK_Mill,Lahontan Cutthroat Trout,LCT,WALKER,Mill Creek,2020,fin clips
Y200079WKR_RA,WALK,MILL,MILL,WALK_Mill,Lahontan Cutthroat Trout,LCT,WALKER,Mill Creek,2020,fin clips
Y200080WKR_RA,WALK,MILL,MILL,WALK_Mill,Lahontan Cutthroat Trout,LCT,WALKER,Mill Creek,2020,fin clips
Y200081WKR_RA,WALK,MILL,MILL,WALK_Mill,Lahontan Cutthroat Trout,LCT,WALKER,Mill Creek,2020,fin clips
Y200082WKR_RA,WALK,MILL,MILL,WALK_Mill,Lahontan Cutthroat Trout,LCT,WALKER,Murphy Creek,2020,fin clips
Y200083WKR_RA,WALK,MILL,MILL,WALK_Mill,Lahontan Cutthroat Trout,LCT,WALKER,Murphy Creek,2020,fin clips
Y200084WKR_RA,WALK,MILL,MILL,WALK_Mill,Lahontan Cutthroat Trout,LCT,WALKER,Murphy Creek,2020,fin clips
Y200085WKR_RA,WALK,MILL,MILL,WALK_Mill,Lahontan Cutthroat Trout,LCT,WALKER,Murphy Creek,2020,fin clips
Y200087WKR_RA,WALK,MILL,MILL,WALK_Mill,Lahontan Cutthroat Trout,LCT,WALKER,Murphy Creek,2020,fin clips
Y200088WKR_RA,WALK,MILL,MILL,WALK_Mill,Lahontan Cutthroat Trout,LCT,WALKER,Murphy Creek,2020,fin clips
Y200089WKR_RA,WALK,MILL,MILL,WALK_Mill,Lahontan Cutthroat Trout,LCT,WALKER,Murphy Creek,2020,fin clips
Y200090WKR_RA,WALK,MILL,MILL,WALK_Mill,Lahontan Cutthroat Trout,LCT,WALKER,Murphy Creek,2020,fin clips
Y210001WKR_RA,WALK,MCT,MurphyCreek,WALK_Murphy,Lahontan Cutthroat Trout,LCT,WALKER,Murphy Creek,2020,fin clips
Y210002WKR_RA,WALK,MCT,MurphyCreek,WALK_Murphy,Lahontan Cutthroat Trout,LCT,WALKER,Murphy Creek,2020,fin clips
Y210003WKR_RA,WALK,MCT,MurphyCreek,WALK_Murphy,Lahontan Cutthroat Trout,LCT,WALKER,Murphy Creek,2020,fin clips
Y210004WKR_RA,WALK,MCT,MurphyCreek,WALK_Murphy,Lahontan Cutthroat Trout,LCT,WALKER,Murphy Creek,2020,fin clips
Y210005WKR_RA,WALK,MCT,MurphyCreek,WALK_Murphy,Lahontan Cutthroat Trout,LCT,WALKER,Murphy Creek,2020,fin clips
Y210006WKR_RA,WALK,MCT,MurphyCreek,WALK_Murphy,Lahontan Cutthroat Trout,LCT,WALKER,Murphy Creek,2020,fin clips
Y210007WKR_RA,WALK,MCT,MurphyCreek,WALK_Murphy,Lahontan Cutthroat Trout,LCT,WALKER,Murphy Creek,2020,fin clips
Y210008WKR_RA,WALK,MCT,MurphyCreek,WALK_Murphy,Lahontan Cutthroat Trout,LCT,WALKER,Murphy Creek,2020,fin clips
Y210009WKR_RA,WALK,MCT,MurphyCreek,WALK_Murphy,Lahontan Cutthroat Trout,LCT,WALKER,Murphy Creek,2020,fin clips
Y210010WKR_RA,WALK,MCT,MurphyCreek,WALK_Murphy,Lahontan Cutthroat Trout,LCT,WALKER,Murphy Creek,2020,fin clips
Y210011WKR_RA,WALK,MCT,MurphyCreek,WALK_Murphy,Lahontan Cutthroat Trout,LCT,WALKER,Murphy Creek,2020,fin clips
Y210012WKR_RA,WALK,MCT,MurphyCreek,WALK_Murphy,Lahontan Cutthroat Trout,LCT,WALKER,Murphy Creek,2020,fin clips
Y210013WKR_RA,WALK,MCT,MurphyCreek,WALK_Murphy,Lahontan Cutthroat Trout,LCT,WALKER,Murphy Creek,2020,fin clips
Y210014WKR_RA,WALK,MCT,MurphyCreek,WALK_Murphy,Lahontan Cutthroat Trout,LCT,WALKER,Murphy Creek,2020,fin clips
Y210015WKR_RA,WALK,MCT,MurphyCreek,WALK_Murphy,Lahontan Cutthroat Trout,LCT,WALKER,Murphy Creek,2020,fin clips
Y210016WKR_RA,WALK,MCT,MurphyCreek,WALK_Murphy,Lahontan Cutthroat Trout,LCT,WALKER,Murphy Creek,2020,fin clips
Y210017WKR_RA,WALK,MCT,MurphyCreek,WALK_Murphy,Lahontan Cutthroat Trout,LCT,WALKER,Murphy Creek,2020,fin clips
Y210018WKR_RA,WALK,MCT,MurphyCreek,WALK_Murphy,Lahontan Cutthroat Trout,LCT,WALKER,Murphy Creek,2020,fin clips
Y210019WKR_RA,WALK,MCT,MurphyCreek,WALK_Murphy,Lahontan Cutthroat Trout,LCT,WALKER,Murphy Creek,2020,fin clips
Y210020WKR_RA,WALK,MCT,MurphyCreek,WALK_Murphy,Lahontan Cutthroat Trout,LCT,WALKER,Murphy Creek,2020,fin clips
Y210021WKR_RA,WALK,MCT,MurphyCreek,WALK_Murphy,Lahontan Cutthroat Trout,LCT,WALKER,Murphy Creek,2020,fin clips
Y210022WKR_RA,WALK,MCT,MurphyCreek,WALK_Murphy,Lahontan Cutthroat Trout,LCT,WALKER,Murphy Creek,2020,fin clips
Y210023WKR_RA,WALK,MCT,MurphyCreek,WALK_Murphy,Lahontan Cutthroat Trout,LCT,WALKER,Murphy Creek,2020,fin clips
Y210024WKR_RA,WALK,MCT,MurphyCreek,WALK_Murphy,Lahontan Cutthroat Trout,LCT,WALKER,Silver Creek,2020,fin clips
Y210025WKR_RA,WALK,MCT,MurphyCreek,WALK_Murphy,Lahontan Cutthroat Trout,LCT,WALKER,Silver Creek,2020,fin clips
Y210026WKR_RA,WALK,MCT,MurphyCreek,WALK_Murphy,Lahontan Cutthroat Trout,LCT,WALKER,Silver Creek,2020,fin clips
Y210027WKR_RA,WALK,MCT,MurphyCreek,WALK_Murphy,Lahontan Cutthroat Trout,LCT,WALKER,Silver Creek,2020,fin clips
Y210028WKR_RA,WALK,MCT,MurphyCreek,WALK_Murphy,Lahontan Cutthroat Trout,LCT,WALKER,Silver Creek,2020,fin clips
Y210029WKR_RA,WALK,MCT,MurphyCreek,WALK_Murphy,Lahontan Cutthroat Trout,LCT,WALKER,Silver Creek,2020,fin clips
Y210030WKR_RA,WALK,MCT,MurphyCreek,WALK_Murphy,Lahontan Cutthroat Trout,LCT,WALKER,Silver Creek,2020,fin clips
Y210031WKR_RA,WALK,MCT,MurphyCreek,WALK_Murphy,Lahontan Cutthroat Trout,LCT,WALKER,Silver Creek,2020,fin clips
Y200121WKR_RA,WALK,SLV,SilverCreek,WALK_Silver,Lahontan Cutthroat Trout,LCT,WALKER,Silver Creek,2020,fin clips
Y200122WKR_RA,WALK,SLV,SilverCreek,WALK_Silver,Lahontan Cutthroat Trout,LCT,WALKER,Silver Creek,2020,fin clips
Y200123WKR_RA,WALK,SLV,SilverCreek,WALK_Silver,Lahontan Cutthroat Trout,LCT,WALKER,Silver Creek,2020,fin clips
Y200124WKR_RA,WALK,SLV,SilverCreek,WALK_Silver,Lahontan Cutthroat Trout,LCT,WALKER,Silver Creek,2020,fin clips
Y200125WKR_RA,WALK,SLV,SilverCreek,WALK_Silver,Lahontan Cutthroat Trout,LCT,WALKER,Silver Creek,2020,fin clips
Y200126WKR_RA,WALK,SLV,SilverCreek,WALK_Silver,Lahontan Cutthroat Trout,LCT,WALKER,Silver Creek,2020,fin clips
Y200127WKR_RA,WALK,SLV,SilverCreek,WALK_Silver,Lahontan Cutthroat Trout,LCT,WALKER,Silver Creek,2020,fin clips
Y200128WKR_RA,WALK,SLV,SilverCreek,WALK_Silver,Lahontan Cutthroat Trout,LCT,WALKER,Silver Creek,2020,fin clips
Y200129WKR_RA,WALK,SLV,SilverCreek,WALK_Silver,Lahontan Cutthroat Trout,LCT,WALKER,Silver Creek,2020,fin clips
Y200130WKR_RA,WALK,SLV,SilverCreek,WALK_Silver,Lahontan Cutthroat Trout,LCT,WALKER,Silver Creek,2020,fin clips
Y200131WKR_RA,WALK,SLV,SilverCreek,WALK_Silver,Lahontan Cutthroat Trout,LCT,WALKER,Silver Creek,2020,fin clips
Y200132WKR_RA,WALK,SLV,SilverCreek,WALK_Silver,Lahontan Cutthroat Trout,LCT,WALKER,Silver Creek,2020,fin clips
Y200133WKR_RA,WALK,SLV,SilverCreek,WALK_Silver,Lahontan Cutthroat Trout,LCT,WALKER,Silver Creek,2020,fin clips
Y200134WKR_RA,WALK,SLV,SilverCreek,WALK_Silver,Lahontan Cutthroat Trout,LCT,WALKER,Silver Creek,2020,fin clips
Y200135WKR_RA,WALK,SLV,SilverCreek,WALK_Silver,Lahontan Cutthroat Trout,LCT,WALKER,Silver Creek,2020,fin clips
Y200136WKR_RA,WALK,SLV,SilverCreek,WALK_Silver,Lahontan Cutthroat Trout,LCT,WALKER,Silver Creek,2020,fin clips
Y200137WKR_RA,WALK,SLV,SilverCreek,WALK_Silver,Lahontan Cutthroat Trout,LCT,WALKER,Silver Creek,2020,fin clips
Y200139WKR_RA,WALK,SLV,SilverCreek,WALK_Silver,Lahontan Cutthroat Trout,LCT,WALKER,Slinkard Creek,2020,fin clips
Y200140WKR_RA,WALK,SLV,SilverCreek,WALK_Silver,Lahontan Cutthroat Trout,LCT,WALKER,Slinkard Creek,2020,fin clips
Y200141WKR_RA,WALK,SLV,SilverCreek,WALK_Silver,Lahontan Cutthroat Trout,LCT,WALKER,Slinkard Creek,2020,fin clips
Y200142WKR_RA,WALK,SLV,SilverCreek,WALK_Silver,Lahontan Cutthroat Trout,LCT,WALKER,Slinkard Creek,2020,fin clips
Y200143WKR_RA,WALK,SLV,SilverCreek,WALK_Silver,Lahontan Cutthroat Trout,LCT,WALKER,Slinkard Creek,2020,fin clips
Y200144WKR_RA,WALK,SLV,SilverCreek,WALK_Silver,Lahontan Cutthroat Trout,LCT,WALKER,Slinkard Creek,2020,fin clips
Y200145WKR_RA,WALK,SLV,SilverCreek,WALK_Silver,Lahontan Cutthroat Trout,LCT,WALKER,Slinkard Creek,2020,fin clips
Y200146WKR_RA,WALK,SLV,SilverCreek,WALK_Silver,Lahontan Cutthroat Trout,LCT,WALKER,Slinkard Creek,2020,fin clips
Y200001WKR_RA,WALK,SKD,SKD,WALK_Slink,Lahontan Cutthroat Trout,LCT,WALKER,Slinkard Creek,2020,fin clips
Y200002WKR_RA,WALK,SKD,SKD,WALK_Slink,Lahontan Cutthroat Trout,LCT,WALKER,Slinkard Creek,2020,fin clips
Y200003WKR_RA,WALK,SKD,SKD,WALK_Slink,Lahontan Cutthroat Trout,LCT,WALKER,Slinkard Creek,2020,fin clips
Y200004WKR_RA,WALK,SKD,SKD,WALK_Slink,Lahontan Cutthroat Trout,LCT,WALKER,Slinkard Creek,2020,fin clips
Y200005WKR_RA,WALK,SKD,SKD,WALK_Slink,Lahontan Cutthroat Trout,LCT,WALKER,Slinkard Creek,2020,fin clips
Y200006WKR_RA,WALK,SKD,SKD,WALK_Slink,Lahontan Cutthroat Trout,LCT,WALKER,Slinkard Creek,2020,fin clips
Y200007WKR_RA,WALK,SKD,SKD,WALK_Slink,Lahontan Cutthroat Trout,LCT,WALKER,Slinkard Creek,2020,fin clips
Y200008WKR_RA,WALK,SKD,SKD,WALK_Slink,Lahontan Cutthroat Trout,LCT,WALKER,Slinkard Creek,2020,fin clips
Y200009WKR_RA,WALK,SKD,SKD,WALK_Slink,Lahontan Cutthroat Trout,LCT,WALKER,Slinkard Creek,2020,fin clips
Y200010WKR_RA,WALK,SKD,SKD,WALK_Slink,Lahontan Cutthroat Trout,LCT,WALKER,Slinkard Creek,2020,fin clips
Y200011WKR_RA,WALK,SKD,SKD,WALK_Slink,Lahontan Cutthroat Trout,LCT,WALKER,Slinkard Creek,2020,fin clips
Y200012WKR_RA,WALK,SKD,SKD,WALK_Slink,Lahontan Cutthroat Trout,LCT,WALKER,Slinkard Creek,2020,fin clips
Y200013WKR_RA,WALK,SKD,SKD,WALK_Slink,Lahontan Cutthroat Trout,LCT,WALKER,Slinkard Creek,2020,fin clips
Y200014WKR_RA,WALK,SKD,SKD,WALK_Slink,Lahontan Cutthroat Trout,LCT,WALKER,Slinkard Creek,2020,fin clips
Y200015WKR_RA,WALK,SKD,SKD,WALK_Slink,Lahontan Cutthroat Trout,LCT,WALKER,Slinkard Creek,2020,fin clips
Y200016WKR_RA,WALK,SKD,SKD,WALK_Slink,Lahontan Cutthroat Trout,LCT,WALKER,Slinkard Creek,2020,fin clips
Y200017WKR_RA,WALK,SKD,SKD,WALK_Slink,Lahontan Cutthroat Trout,LCT,WALKER,Slinkard Creek,2020,fin clips
Y200018WKR_RA,WALK,SKD,SKD,WALK_Slink,Lahontan Cutthroat Trout,LCT,WALKER,Slinkard Creek,2020,fin clips
Y200019WKR_RA,WALK,SKD,SKD,WALK_Slink,Lahontan Cutthroat Trout,LCT,WALKER,Slinkard Creek,2020,fin clips
Y200020WKR_RA,WALK,SKD,SKD,WALK_Slink,Lahontan Cutthroat Trout,LCT,WALKER,Slinkard Creek,2020,fin clips
Y200021WKR_RA,WALK,SKD,SKD,WALK_Slink,Lahontan Cutthroat Trout,LCT,WALKER,Wolf Creek,2020,fin clips
Y200022WKR_RA,WALK,SKD,SKD,WALK_Slink,Lahontan Cutthroat Trout,LCT,WALKER,Wolf Creek,2020,fin clips
Y200023WKR_RA,WALK,SKD,SKD,WALK_Slink,Lahontan Cutthroat Trout,LCT,WALKER,Wolf Creek,2020,fin clips
Y200024WKR_RA,WALK,SKD,SKD,WALK_Slink,Lahontan Cutthroat Trout,LCT,WALKER,Wolf Creek,2020,fin clips
Y200026WKR_RA,WALK,SKD,SKD,WALK_Slink,Lahontan Cutthroat Trout,LCT,WALKER,Wolf Creek,2020,fin clips
Y200028WKR_RA,WALK,SKD,SKD,WALK_Slink,Lahontan Cutthroat Trout,LCT,WALKER,Wolf Creek,2020,fin clips
Y200029WKR_RA,WALK,SKD,SKD,WALK_Slink,Lahontan Cutthroat Trout,LCT,WALKER,Wolf Creek,2020,fin clips
Y200030WKR_RA,WALK,SKD,SKD,WALK_Slink,Lahontan Cutthroat Trout,LCT,WALKER,Wolf Creek,2020,fin clips
Y200031WKR_RA,WALK,WLF,WLF,WALK_Wolf,Lahontan Cutthroat Trout,LCT,WALKER,Wolf Creek,2020,fin clips
Y200032WKR_RA,WALK,WLF,WLF,WALK_Wolf,Lahontan Cutthroat Trout,LCT,WALKER,Wolf Creek,2020,fin clips
Y200033WKR_RA,WALK,WLF,WLF,WALK_Wolf,Lahontan Cutthroat Trout,LCT,WALKER,Wolf Creek,2020,fin clips
Y200034WKR_RA,WALK,WLF,WLF,WALK_Wolf,Lahontan Cutthroat Trout,LCT,WALKER,Wolf Creek,2020,fin clips
Y200035WKR_RA,WALK,WLF,WLF,WALK_Wolf,Lahontan Cutthroat Trout,LCT,WALKER,Wolf Creek,2020,fin clips
Y200036WKR_RA,WALK,WLF,WLF,WALK_Wolf,Lahontan Cutthroat Trout,LCT,WALKER,Wolf Creek,2020,fin clips
Y200037WKR_RA,WALK,WLF,WLF,WALK_Wolf,Lahontan Cutthroat Trout,LCT,WALKER,Wolf Creek,2020,fin clips
Y200038WKR_RA,WALK,WLF,WLF,WALK_Wolf,Lahontan Cutthroat Trout,LCT,WALKER,Wolf Creek,2020,fin clips
Y200039WKR_RA,WALK,WLF,WLF,WALK_Wolf,Lahontan Cutthroat Trout,LCT,WALKER,Wolf Creek,2020,fin clips
Y200040WKR_RA,WALK,WLF,WLF,WALK_Wolf,Lahontan Cutthroat Trout,LCT,WALKER,Wolf Creek,2020,fin clips
Y200041WKR_RA,WALK,WLF,WLF,WALK_Wolf,Lahontan Cutthroat Trout,LCT,WALKER,Wolf Creek,2020,fin clips
Y200042WKR_RA,WALK,WLF,WLF,WALK_Wolf,Lahontan Cutthroat Trout,LCT,WALKER,Wolf Creek,2020,fin clips
Y200043WKR_RA,WALK,WLF,WLF,WALK_Wolf,Lahontan Cutthroat Trout,LCT,WALKER,Wolf Creek,2020,fin clips
Y200044WKR_RA,WALK,WLF,WLF,WALK_Wolf,Lahontan Cutthroat Trout,LCT,WALKER,Wolf Creek,2020,fin clips
Y200045WKR_RA,WALK,WLF,WLF,WALK_Wolf,Lahontan Cutthroat Trout,LCT,WALKER,Wolf Creek,2020,fin clips
Y200046WKR_RA,WALK,WLF,WLF,WALK_Wolf,Lahontan Cutthroat Trout,LCT,WALKER,Wolf Creek,2020,fin clips
Y200047WKR_RA,WALK,WLF,WLF,WALK_Wolf,Lahontan Cutthroat Trout,LCT,WALKER,Wolf Creek,2020,fin clips
Y200048WKR_RA,WALK,WLF,WLF,WALK_Wolf,Lahontan Cutthroat Trout,LCT,WALKER,Wolf Creek,2020,fin clips
Y200049WKR_RA,WALK,WLF,WLF,WALK_Wolf,Lahontan Cutthroat Trout,LCT,WALKER,Wolf Creek,2020,fin clips
Y200050WKR_RA,WALK,WLF,WLF,WALK_Wolf,Lahontan Cutthroat Trout,LCT,WALKER,Wolf Creek,2020,fin clips
Y200051WKR_RA,WALK,WLF,WLF,WALK_Wolf,Lahontan Cutthroat Trout,LCT,WALKER,Wolf Creek,2020,fin clips
Y200052WKR_RA,WALK,WLF,WLF,WALK_Wolf,Lahontan Cutthroat Trout,LCT,WALKER,Wolf Creek,2020,fin clips
Y200053WKR_RA,WALK,WLF,WLF,WALK_Wolf,Lahontan Cutthroat Trout,LCT,WALKER,Wolf Creek,2020,fin clips
Y200054WKR_RA,WALK,WLF,WLF,WALK_Wolf,Lahontan Cutthroat Trout,LCT,WALKER,Wolf Creek,2020,fin clips
Y200055WKR_RA,WALK,WLF,WLF,WALK_Wolf,Lahontan Cutthroat Trout,LCT,WALKER,Wolf Creek,2020,fin clips
Y200056WKR_RA,WALK,WLF,WLF,WALK_Wolf,Lahontan Cutthroat Trout,LCT,WALKER,Wolf Creek,2020,fin clips
Y200057WKR_RA,WALK,WLF,WLF,WALK_Wolf,Lahontan Cutthroat Trout,LCT,WALKER,Wolf Creek,2020,fin clips
Y200058WKR_RA,WALK,WLF,WLF,WALK_Wolf,Lahontan Cutthroat Trout,LCT,WALKER,Wolf Creek,2020,fin clips
Y200059WKR_RA,WALK,WLF,WLF,WALK_Wolf,Lahontan Cutthroat Trout,LCT,WALKER,Wolf Creek,2020,fin clips
Y200060WKR_RA,WALK,WLF,WLF,WALK_Wolf,Lahontan Cutthroat Trout,LCT,WALKER,Wolf Creek,2020,fin clips